{'EmployeeID': '43', 'Name': 'Employee_43', 'Department': 'Marketing', 'Experience_Years': '19', 'Education_Level': 'High School', 'Age': '49', 'Gender': 'Female', 'City': 'Delhi', 'Monthly_Salary': '68525'}
{'EmployeeID': '10', 'Name': 'Employee_10', 'Department': 'Operations', 'Experience_Years': '18', 'Education_Level': 'High School', 'Age': '28', 'Gender': 'Male', 'City': 'Mumbai', 'Monthly_Salary': '31893'}
{'EmployeeID': '17', 'Name': 'Employee_17', 'Department': 'Marketing', 'Experience_Years': '18', 'Education_Level': 'Master', 'Age': '41', 'Gender': 'Female', 'City': 'Hyderabad', 'Monthly_Salary': '30895'}
{'EmployeeID': '30', 'Name': 'Employee_30', 'Department': 'Marketing', 'Experience_Years': '18', 'Education_Level': 'High School', 'Age': '30', 'Gender': 'Male', 'City': 'Delhi', 'Monthly_Salary': '99543'}
{'EmployeeID': '8', 'Name': 'Employee_8', 'Department': 'IT', 'Experience_Years': '17', 'Education_Level': 'PhD', 'Age': '34', 'Gender': 'Female', 'City': 'Bangalore', 'Monthly_Salary': '44830'}
{'EmployeeID': '44', 'Name': 'Employee_44', 'Department': 'Finance', 'Experience_Years': '17', 'Education_Level': 'Master', 'Age': '44', 'Gender': 'Male', 'City': 'Hyderabad', 'Monthly_Salary': '72202'}
{'EmployeeID': '23', 'Name': 'Employee_23', 'Department': 'Marketing', 'Experience_Years': '16', 'Education_Level': 'High School', 'Age': '22', 'Gender': 'Male', 'City': 'Bangalore', 'Monthly_Salary': '122888'}
{'EmployeeID': '28', 'Name': 'Employee_28', 'Department': 'Finance', 'Experience_Years': '16', 'Education_Level': 'Master', 'Age': '29', 'Gender': 'Female', 'City': 'Hyderabad', 'Monthly_Salary': '118179'}
{'EmployeeID': '1', 'Name': 'Employee_1', 'Department': 'Marketing', 'Experience_Years': '15', 'Education_Level': 'Master', 'Age': '53', 'Gender': 'Female', 'City': 'Delhi', 'Monthly_Salary': '111416'}
{'EmployeeID': '5', 'Name': 'Employee_5', 'Department': 'Operations', 'Experience_Years': '15', 'Education_Level': 'Master', 'Age': '36', 'Gender': 'Female', 'City': 'Delhi', 'Monthly_Salary': '132450'}
{'EmployeeID': '24', 'Name': 'Employee_24', 'Department': 'HR', 'Experience_Years': '15', 'Education_Level': 'Master', 'Age': '48', 'Gender': 'Male', 'City': 'Bangalore', 'Monthly_Salary': '64790'}
{'EmployeeID': '31', 'Name': 'Employee_31', 'Department': 'IT', 'Experience_Years': '15', 'Education_Level': 'Bachelor', 'Age': '54', 'Gender': 'Female', 'City': 'Hyderabad', 'Monthly_Salary': '70714'}
{'EmployeeID': '34', 'Name': 'Employee_34', 'Department': 'HR', 'Experience_Years': '15', 'Education_Level': 'Bachelor', 'Age': '53', 'Gender': 'Female', 'City': 'Delhi', 'Monthly_Salary': '134616'}
{'EmployeeID': '7', 'Name': 'Employee_7', 'Department': 'IT', 'Experience_Years': '14', 'Education_Level': 'PhD', 'Age': '57', 'Gender': 'Male', 'City': 'Mumbai', 'Monthly_Salary': '70525'}
{'EmployeeID': '22', 'Name': 'Employee_22', 'Department': 'Operations', 'Experience_Years': '14', 'Education_Level': 'Master', 'Age': '54', 'Gender': 'Female', 'City': 'Delhi', 'Monthly_Salary': '79045'}
{'EmployeeID': '26', 'Name': 'Employee_26', 'Department': 'IT', 'Experience_Years': '14', 'Education_Level': 'Master', 'Age': '24', 'Gender': 'Male', 'City': 'Hyderabad', 'Monthly_Salary': '30600'}
{'EmployeeID': '29', 'Name': 'Employee_29', 'Department': 'Marketing', 'Experience_Years': '13', 'Education_Level': 'High School', 'Age': '48', 'Gender': 'Male', 'City': 'Bangalore', 'Monthly_Salary': '65764'}
{'EmployeeID': '32', 'Name': 'Employee_32', 'Department': 'Marketing', 'Experience_Years': '13', 'Education_Level': 'Master', 'Age': '45', 'Gender': 'Female', 'City': 'Hyderabad', 'Monthly_Salary': '81835'}
{'EmployeeID': '35', 'Name': 'Employee_35', 'Department': 'IT', 'Experience_Years': '13', 'Education_Level': 'Master', 'Age': '53', 'Gender': 'Male', 'City': 'Bangalore', 'Monthly_Salary': '130983'}
{'EmployeeID': '3', 'Name': 'Employee_3', 'Department': 'IT', 'Experience_Years': '12', 'Education_Level': 'High School', 'Age': '51', 'Gender': 'Female', 'City': 'Hyderabad', 'Monthly_Salary': '69064'}
{'EmployeeID': '18', 'Name': 'Employee_18', 'Department': 'Operations', 'Experience_Years': '12', 'Education_Level': 'PhD', 'Age': '51', 'Gender': 'Female', 'City': 'Chennai', 'Monthly_Salary': '44738'}
{'EmployeeID': '40', 'Name': 'Employee_40', 'Department': 'Finance', 'Experience_Years': '12', 'Education_Level': 'Bachelor', 'Age': '38', 'Gender': 'Female', 'City': 'Mumbai', 'Monthly_Salary': '68484'}
{'EmployeeID': '42', 'Name': 'Employee_42', 'Department': 'HR', 'Experience_Years': '11', 'Education_Level': 'PhD', 'Age': '23', 'Gender': 'Male', 'City': 'Chennai', 'Monthly_Salary': '61212'}
{'EmployeeID': '15', 'Name': 'Employee_15', 'Department': 'Marketing', 'Experience_Years': '10', 'Education_Level': 'PhD', 'Age': '49', 'Gender': 'Female', 'City': 'Mumbai', 'Monthly_Salary': '99290'}
{'EmployeeID': '20', 'Name': 'Employee_20', 'Department': 'Marketing', 'Experience_Years': '10', 'Education_Level': 'Bachelor', 'Age': '49', 'Gender': 'Male', 'City': 'Bangalore', 'Monthly_Salary': '74377'}
{'EmployeeID': '50', 'Name': 'Employee_50', 'Department': 'Marketing', 'Experience_Years': '10', 'Education_Level': 'High School', 'Age': '47', 'Gender': 'Female', 'City': 'Bangalore', 'Monthly_Salary': '121752'}
{'EmployeeID': '33', 'Name': 'Employee_33', 'Department': 'Marketing', 'Experience_Years': '9', 'Education_Level': 'Master', 'Age': '36', 'Gender': 'Male', 'City': 'Bangalore', 'Monthly_Salary': '127946'}
{'EmployeeID': '38', 'Name': 'Employee_38', 'Department': 'Operations', 'Experience_Years': '9', 'Education_Level': 'Master', 'Age': '23', 'Gender': 'Male', 'City': 'Mumbai', 'Monthly_Salary': '149123'}
{'EmployeeID': '4', 'Name': 'Employee_4', 'Department': 'Operations', 'Experience_Years': '8', 'Education_Level': 'PhD', 'Age': '44', 'Gender': 'Male', 'City': 'Delhi', 'Monthly_Salary': '95091'}
{'EmployeeID': '11', 'Name': 'Employee_11', 'Department': 'Marketing', 'Experience_Years': '8', 'Education_Level': 'PhD', 'Age': '43', 'Gender': 'Male', 'City': 'Delhi', 'Monthly_Salary': '141381'}
{'EmployeeID': '25', 'Name': 'Employee_25', 'Department': 'HR', 'Experience_Years': '8', 'Education_Level': 'High School', 'Age': '34', 'Gender': 'Female', 'City': 'Bangalore', 'Monthly_Salary': '132455'}
{'EmployeeID': '27', 'Name': 'Employee_27', 'Department': 'IT', 'Experience_Years': '8', 'Education_Level': 'Bachelor', 'Age': '27', 'Gender': 'Female', 'City': 'Delhi', 'Monthly_Salary': '119660'}
{'EmployeeID': '41', 'Name': 'Employee_41', 'Department': 'Marketing', 'Experience_Years': '8', 'Education_Level': 'Bachelor', 'Age': '23', 'Gender': 'Female', 'City': 'Bangalore', 'Monthly_Salary': '107989'}
{'EmployeeID': '45', 'Name': 'Employee_45', 'Department': 'Finance', 'Experience_Years': '8', 'Education_Level': 'Master', 'Age': '53', 'Gender': 'Male', 'City': 'Delhi', 'Monthly_Salary': '57635'}
{'EmployeeID': '2', 'Name': 'Employee_2', 'Department': 'Operations', 'Experience_Years': '7', 'Education_Level': 'Bachelor', 'Age': '25', 'Gender': 'Female', 'City': 'Bangalore', 'Monthly_Salary': '95271'}
{'EmployeeID': '37', 'Name': 'Employee_37', 'Department': 'IT', 'Experience_Years': '7', 'Education_Level': 'High School', 'Age': '33', 'Gender': 'Male', 'City': 'Chennai', 'Monthly_Salary': '81491'}
{'EmployeeID': '14', 'Name': 'Employee_14', 'Department': 'Finance', 'Experience_Years': '6', 'Education_Level': 'Bachelor', 'Age': '27', 'Gender': 'Male', 'City': 'Delhi', 'Monthly_Salary': '28436'}
{'EmployeeID': '49', 'Name': 'Employee_49', 'Department': 'Finance', 'Experience_Years': '5', 'Education_Level': 'PhD', 'Age': '23', 'Gender': 'Female', 'City': 'Hyderabad', 'Monthly_Salary': '28420'}
{'EmployeeID': '9', 'Name': 'Employee_9', 'Department': 'IT', 'Experience_Years': '4', 'Education_Level': 'Bachelor', 'Age': '53', 'Gender': 'Male', 'City': 'Hyderabad', 'Monthly_Salary': '42429'}
{'EmployeeID': '12', 'Name': 'Employee_12', 'Department': 'IT', 'Experience_Years': '4', 'Education_Level': 'Master', 'Age': '49', 'Gender': 'Female', 'City': 'Hyderabad', 'Monthly_Salary': '104909'}
{'EmployeeID': '16', 'Name': 'Employee_16', 'Department': 'Finance', 'Experience_Years': '4', 'Education_Level': 'High School', 'Age': '49', 'Gender': 'Female', 'City': 'Delhi', 'Monthly_Salary': '101213'}
{'EmployeeID': '21', 'Name': 'Employee_21', 'Department': 'Finance', 'Experience_Years': '4', 'Education_Level': 'Master', 'Age': '46', 'Gender': 'Female', 'City': 'Delhi', 'Monthly_Salary': '73404'}
{'EmployeeID': '6', 'Name': 'Employee_6', 'Department': 'Finance', 'Experience_Years': '3', 'Education_Level': 'High School', 'Age': '50', 'Gender': 'Male', 'City': 'Mumbai', 'Monthly_Salary': '65818'}
{'EmployeeID': '46', 'Name': 'Employee_46', 'Department': 'HR', 'Experience_Years': '3', 'Education_Level': 'PhD', 'Age': '54', 'Gender': 'Female', 'City': 'Hyderabad', 'Monthly_Salary': '88208'}
{'EmployeeID': '47', 'Name': 'Employee_47', 'Department': 'Finance', 'Experience_Years': '3', 'Education_Level': 'Master', 'Age': '22', 'Gender': 'Female', 'City': 'Delhi', 'Monthly_Salary': '58828'}
{'EmployeeID': '13', 'Name': 'Employee_13', 'Department': 'Operations', 'Experience_Years': '2', 'Education_Level': 'Master', 'Age': '23', 'Gender': 'Female', 'City': 'Hyderabad', 'Monthly_Salary': '72333'}
{'EmployeeID': '19', 'Name': 'Employee_19', 'Department': 'HR', 'Experience_Years': '2', 'Education_Level': 'PhD', 'Age': '32', 'Gender': 'Male', 'City': 'Chennai', 'Monthly_Salary': '55746'}
{'EmployeeID': '36', 'Name': 'Employee_36', 'Department': 'Operations', 'Experience_Years': '1', 'Education_Level': 'Master', 'Age': '45', 'Gender': 'Female', 'City': 'Delhi', 'Monthly_Salary': '98744'}
{'EmployeeID': '39', 'Name': 'Employee_39', 'Department': 'HR', 'Experience_Years': '1', 'Education_Level': 'Master', 'Age': '24', 'Gender': 'Male', 'City': 'Mumbai', 'Monthly_Salary': '43589'}
{'EmployeeID': '48', 'Name': 'Employee_48', 'Department': 'Operations', 'Experience_Years': '1', 'Education_Level': 'High School', 'Age': '40', 'Gender': 'Male', 'City': 'Chennai', 'Monthly_Salary': '43711'}
